tokens_per_session,sessions,cache_dtype,illustrative_total_GiB,below_nominal_32_GiB
32768,1,BF16,24.83731295913458,True
32768,1,FP8,23.19668795913458,True
32768,2,BF16,28.574648164212704,True
32768,2,FP8,25.293398164212704,True
32768,4,BF16,36.049318574368954,False
32768,4,FP8,29.486818574368954,True
65536,1,BF16,27.33731295913458,True
65536,1,FP8,24.44668795913458,True
65536,2,BF16,33.574648164212704,False
65536,2,FP8,27.793398164212704,True
65536,4,BF16,46.049318574368954,False
65536,4,FP8,34.486818574368954,False
131072,1,BF16,32.33731295913458,False
131072,1,FP8,26.94668795913458,True
131072,2,BF16,43.574648164212704,False
131072,2,FP8,32.793398164212704,False
131072,4,BF16,66.04931857436895,False
131072,4,FP8,44.486818574368954,False
262144,1,BF16,42.33731295913458,False
262144,1,FP8,31.94668795913458,True
262144,2,BF16,63.574648164212704,False
262144,2,FP8,42.793398164212704,False
262144,4,BF16,106.04931857436895,False
262144,4,FP8,64.48681857436895,False
