hypothetical_CUDA_GiB_per_GPU,gpu_memory_utilization,assumed_engine_overhead_GiB_per_GPU,adapter_slots,max_rank,sessions_32K,full_adapter_payload_GiB,package_payload_under_3GiB,default_buffers_GiB_per_GPU,KV_envelope_GiB_per_GPU,decode_working_total_GiB_per_GPU,decode_headroom_GiB_per_GPU,conservative_independent_prefill_total_GiB_per_GPU,conservative_prefill_headroom_GiB_per_GPU,decode_only_session_ceiling_not_throughput
22,0.9,2,4,32,1,1.8243408203125,True,0.8642578125,11.354583214223386,9.268781043589115,10.531218956410886,9.659406043589115,10.140593956410886,13
22,0.9,2,4,32,2,1.8243408203125,True,0.8642578125,11.354583214223386,10.092145301401615,9.707854698598386,10.873395301401615,8.926604698598386,13
22,0.9,2,4,32,4,1.8243408203125,True,0.8642578125,11.354583214223386,11.738873817026615,8.061126182973386,13.301373817026615,6.498626182973386,13
22,0.9,2,4,32,8,1.8243408203125,True,0.8642578125,11.354583214223386,15.032330848276615,4.767669151723386,18.157330848276615,1.6426691517233856,13
22,0.9,2,6,32,1,2.73651123046875,True,1.29638671875,10.922454307973386,9.700909949839115,10.099090050160886,10.091534949839115,9.708465050160886,13
22,0.9,2,6,32,2,2.73651123046875,True,1.29638671875,10.922454307973386,10.524274207651615,9.275725792348386,11.305524207651615,8.494475792348386,13
22,0.9,2,6,32,4,2.73651123046875,True,1.29638671875,10.922454307973386,12.171002723276615,7.628997276723386,13.733502723276615,6.066497276723386,13
22,0.9,2,6,32,8,2.73651123046875,True,1.29638671875,10.922454307973386,15.464459754526615,4.335540245473386,18.589459754526615,1.2105402454733856,13
22,0.9,2,3,64,1,2.73651123046875,True,1.29638671875,10.922454307973386,9.700909949839115,10.099090050160886,10.091534949839115,9.708465050160886,13
22,0.9,2,3,64,2,2.73651123046875,True,1.29638671875,10.922454307973386,10.524274207651615,9.275725792348386,11.305524207651615,8.494475792348386,13
22,0.9,2,3,64,4,2.73651123046875,True,1.29638671875,10.922454307973386,12.171002723276615,7.628997276723386,13.733502723276615,6.066497276723386,13
22,0.9,2,3,64,8,2.73651123046875,True,1.29638671875,10.922454307973386,15.464459754526615,4.335540245473386,18.589459754526615,1.2105402454733856,13
22,0.9,2,12,16,1,2.73651123046875,True,1.29638671875,10.922454307973386,9.700909949839115,10.099090050160886,10.091534949839115,9.708465050160886,13
22,0.9,2,12,16,2,2.73651123046875,True,1.29638671875,10.922454307973386,10.524274207651615,9.275725792348386,11.305524207651615,8.494475792348386,13
22,0.9,2,12,16,4,2.73651123046875,True,1.29638671875,10.922454307973386,12.171002723276615,7.628997276723386,13.733502723276615,6.066497276723386,13
22,0.9,2,12,16,8,2.73651123046875,True,1.29638671875,10.922454307973386,15.464459754526615,4.335540245473386,18.589459754526615,1.2105402454733856,13
22,0.9,2,8,32,1,3.648681640625,False,1.728515625,10.490325401723386,10.133038856089115,9.666961143910886,10.523663856089115,9.276336143910886,12
22,0.9,2,8,32,2,3.648681640625,False,1.728515625,10.490325401723386,10.956403113901615,8.843596886098386,11.737653113901615,8.062346886098386,12
22,0.9,2,8,32,4,3.648681640625,False,1.728515625,10.490325401723386,12.603131629526615,7.196868370473386,14.165631629526615,5.634368370473386,12
22,0.9,2,8,32,8,3.648681640625,False,1.728515625,10.490325401723386,15.896588660776615,3.9034113392233856,19.021588660776615,0.7784113392233856,12
22,0.9,4,4,32,1,1.8243408203125,True,0.8642578125,9.354583214223386,11.268781043589115,8.531218956410886,11.659406043589115,8.140593956410886,11
22,0.9,4,4,32,2,1.8243408203125,True,0.8642578125,9.354583214223386,12.092145301401615,7.707854698598386,12.873395301401615,6.926604698598386,11
22,0.9,4,4,32,4,1.8243408203125,True,0.8642578125,9.354583214223386,13.738873817026615,6.061126182973386,15.301373817026615,4.498626182973386,11
22,0.9,4,4,32,8,1.8243408203125,True,0.8642578125,9.354583214223386,17.032330848276615,2.7676691517233856,20.157330848276615,-0.35733084827661443,11
22,0.9,4,6,32,1,2.73651123046875,True,1.29638671875,8.922454307973386,11.700909949839115,8.099090050160886,12.091534949839115,7.708465050160886,10
22,0.9,4,6,32,2,2.73651123046875,True,1.29638671875,8.922454307973386,12.524274207651615,7.275725792348386,13.305524207651615,6.494475792348386,10
22,0.9,4,6,32,4,2.73651123046875,True,1.29638671875,8.922454307973386,14.171002723276615,5.628997276723386,15.733502723276615,4.066497276723386,10
22,0.9,4,6,32,8,2.73651123046875,True,1.29638671875,8.922454307973386,17.464459754526615,2.3355402454733856,20.589459754526615,-0.7894597545266144,10
22,0.9,4,3,64,1,2.73651123046875,True,1.29638671875,8.922454307973386,11.700909949839115,8.099090050160886,12.091534949839115,7.708465050160886,10
22,0.9,4,3,64,2,2.73651123046875,True,1.29638671875,8.922454307973386,12.524274207651615,7.275725792348386,13.305524207651615,6.494475792348386,10
22,0.9,4,3,64,4,2.73651123046875,True,1.29638671875,8.922454307973386,14.171002723276615,5.628997276723386,15.733502723276615,4.066497276723386,10
22,0.9,4,3,64,8,2.73651123046875,True,1.29638671875,8.922454307973386,17.464459754526615,2.3355402454733856,20.589459754526615,-0.7894597545266144,10
22,0.9,4,12,16,1,2.73651123046875,True,1.29638671875,8.922454307973386,11.700909949839115,8.099090050160886,12.091534949839115,7.708465050160886,10
22,0.9,4,12,16,2,2.73651123046875,True,1.29638671875,8.922454307973386,12.524274207651615,7.275725792348386,13.305524207651615,6.494475792348386,10
22,0.9,4,12,16,4,2.73651123046875,True,1.29638671875,8.922454307973386,14.171002723276615,5.628997276723386,15.733502723276615,4.066497276723386,10
22,0.9,4,12,16,8,2.73651123046875,True,1.29638671875,8.922454307973386,17.464459754526615,2.3355402454733856,20.589459754526615,-0.7894597545266144,10
22,0.9,4,8,32,1,3.648681640625,False,1.728515625,8.490325401723386,12.133038856089115,7.666961143910886,12.523663856089115,7.276336143910886,10
22,0.9,4,8,32,2,3.648681640625,False,1.728515625,8.490325401723386,12.956403113901615,6.843596886098386,13.737653113901615,6.062346886098386,10
22,0.9,4,8,32,4,3.648681640625,False,1.728515625,8.490325401723386,14.603131629526615,5.196868370473386,16.165631629526615,3.6343683704733856,10
22,0.9,4,8,32,8,3.648681640625,False,1.728515625,8.490325401723386,17.896588660776615,1.9034113392233856,21.021588660776615,-1.2215886607766144,10
22.5,0.9,2,4,32,1,1.8243408203125,True,0.8642578125,11.804583214223385,9.268781043589115,10.981218956410885,9.659406043589115,10.590593956410885,14
22.5,0.9,2,4,32,2,1.8243408203125,True,0.8642578125,11.804583214223385,10.092145301401615,10.157854698598385,10.873395301401615,9.376604698598385,14
22.5,0.9,2,4,32,4,1.8243408203125,True,0.8642578125,11.804583214223385,11.738873817026615,8.511126182973385,13.301373817026615,6.948626182973385,14
22.5,0.9,2,4,32,8,1.8243408203125,True,0.8642578125,11.804583214223385,15.032330848276615,5.217669151723385,18.157330848276615,2.092669151723385,14
22.5,0.9,2,6,32,1,2.73651123046875,True,1.29638671875,11.372454307973385,9.700909949839115,10.549090050160885,10.091534949839115,10.158465050160885,13
22.5,0.9,2,6,32,2,2.73651123046875,True,1.29638671875,11.372454307973385,10.524274207651615,9.725725792348385,11.305524207651615,8.944475792348385,13
22.5,0.9,2,6,32,4,2.73651123046875,True,1.29638671875,11.372454307973385,12.171002723276615,8.078997276723385,13.733502723276615,6.516497276723385,13
22.5,0.9,2,6,32,8,2.73651123046875,True,1.29638671875,11.372454307973385,15.464459754526615,4.785540245473385,18.589459754526615,1.6605402454733849,13
22.5,0.9,2,3,64,1,2.73651123046875,True,1.29638671875,11.372454307973385,9.700909949839115,10.549090050160885,10.091534949839115,10.158465050160885,13
22.5,0.9,2,3,64,2,2.73651123046875,True,1.29638671875,11.372454307973385,10.524274207651615,9.725725792348385,11.305524207651615,8.944475792348385,13
22.5,0.9,2,3,64,4,2.73651123046875,True,1.29638671875,11.372454307973385,12.171002723276615,8.078997276723385,13.733502723276615,6.516497276723385,13
22.5,0.9,2,3,64,8,2.73651123046875,True,1.29638671875,11.372454307973385,15.464459754526615,4.785540245473385,18.589459754526615,1.6605402454733849,13
22.5,0.9,2,12,16,1,2.73651123046875,True,1.29638671875,11.372454307973385,9.700909949839115,10.549090050160885,10.091534949839115,10.158465050160885,13
22.5,0.9,2,12,16,2,2.73651123046875,True,1.29638671875,11.372454307973385,10.524274207651615,9.725725792348385,11.305524207651615,8.944475792348385,13
22.5,0.9,2,12,16,4,2.73651123046875,True,1.29638671875,11.372454307973385,12.171002723276615,8.078997276723385,13.733502723276615,6.516497276723385,13
22.5,0.9,2,12,16,8,2.73651123046875,True,1.29638671875,11.372454307973385,15.464459754526615,4.785540245473385,18.589459754526615,1.6605402454733849,13
22.5,0.9,2,8,32,1,3.648681640625,False,1.728515625,10.940325401723385,10.133038856089115,10.116961143910885,10.523663856089115,9.726336143910885,13
22.5,0.9,2,8,32,2,3.648681640625,False,1.728515625,10.940325401723385,10.956403113901615,9.293596886098385,11.737653113901615,8.512346886098385,13
22.5,0.9,2,8,32,4,3.648681640625,False,1.728515625,10.940325401723385,12.603131629526615,7.646868370473385,14.165631629526615,6.084368370473385,13
22.5,0.9,2,8,32,8,3.648681640625,False,1.728515625,10.940325401723385,15.896588660776615,4.353411339223385,19.021588660776615,1.2284113392233849,13
22.5,0.9,4,4,32,1,1.8243408203125,True,0.8642578125,9.804583214223385,11.268781043589115,8.981218956410885,11.659406043589115,8.590593956410885,11
22.5,0.9,4,4,32,2,1.8243408203125,True,0.8642578125,9.804583214223385,12.092145301401615,8.157854698598385,12.873395301401615,7.376604698598385,11
22.5,0.9,4,4,32,4,1.8243408203125,True,0.8642578125,9.804583214223385,13.738873817026615,6.511126182973385,15.301373817026615,4.948626182973385,11
22.5,0.9,4,4,32,8,1.8243408203125,True,0.8642578125,9.804583214223385,17.032330848276615,3.217669151723385,20.157330848276615,0.09266915172338486,11
22.5,0.9,4,6,32,1,2.73651123046875,True,1.29638671875,9.372454307973385,11.700909949839115,8.549090050160885,12.091534949839115,8.158465050160885,11
22.5,0.9,4,6,32,2,2.73651123046875,True,1.29638671875,9.372454307973385,12.524274207651615,7.725725792348385,13.305524207651615,6.944475792348385,11
22.5,0.9,4,6,32,4,2.73651123046875,True,1.29638671875,9.372454307973385,14.171002723276615,6.078997276723385,15.733502723276615,4.516497276723385,11
22.5,0.9,4,6,32,8,2.73651123046875,True,1.29638671875,9.372454307973385,17.464459754526615,2.785540245473385,20.589459754526615,-0.33945975452661514,11
22.5,0.9,4,3,64,1,2.73651123046875,True,1.29638671875,9.372454307973385,11.700909949839115,8.549090050160885,12.091534949839115,8.158465050160885,11
22.5,0.9,4,3,64,2,2.73651123046875,True,1.29638671875,9.372454307973385,12.524274207651615,7.725725792348385,13.305524207651615,6.944475792348385,11
22.5,0.9,4,3,64,4,2.73651123046875,True,1.29638671875,9.372454307973385,14.171002723276615,6.078997276723385,15.733502723276615,4.516497276723385,11
22.5,0.9,4,3,64,8,2.73651123046875,True,1.29638671875,9.372454307973385,17.464459754526615,2.785540245473385,20.589459754526615,-0.33945975452661514,11
22.5,0.9,4,12,16,1,2.73651123046875,True,1.29638671875,9.372454307973385,11.700909949839115,8.549090050160885,12.091534949839115,8.158465050160885,11
22.5,0.9,4,12,16,2,2.73651123046875,True,1.29638671875,9.372454307973385,12.524274207651615,7.725725792348385,13.305524207651615,6.944475792348385,11
22.5,0.9,4,12,16,4,2.73651123046875,True,1.29638671875,9.372454307973385,14.171002723276615,6.078997276723385,15.733502723276615,4.516497276723385,11
22.5,0.9,4,12,16,8,2.73651123046875,True,1.29638671875,9.372454307973385,17.464459754526615,2.785540245473385,20.589459754526615,-0.33945975452661514,11
22.5,0.9,4,8,32,1,3.648681640625,False,1.728515625,8.940325401723385,12.133038856089115,8.116961143910885,12.523663856089115,7.726336143910885,10
22.5,0.9,4,8,32,2,3.648681640625,False,1.728515625,8.940325401723385,12.956403113901615,7.293596886098385,13.737653113901615,6.512346886098385,10
22.5,0.9,4,8,32,4,3.648681640625,False,1.728515625,8.940325401723385,14.603131629526615,5.646868370473385,16.165631629526615,4.084368370473385,10
22.5,0.9,4,8,32,8,3.648681640625,False,1.728515625,8.940325401723385,17.896588660776615,2.353411339223385,21.021588660776615,-0.7715886607766151,10
24,0.9,2,4,32,1,1.8243408203125,True,0.8642578125,13.154583214223386,9.268781043589115,12.331218956410886,9.659406043589115,11.940593956410886,15
24,0.9,2,4,32,2,1.8243408203125,True,0.8642578125,13.154583214223386,10.092145301401615,11.507854698598386,10.873395301401615,10.726604698598386,15
24,0.9,2,4,32,4,1.8243408203125,True,0.8642578125,13.154583214223386,11.738873817026615,9.861126182973386,13.301373817026615,8.298626182973386,15
24,0.9,2,4,32,8,1.8243408203125,True,0.8642578125,13.154583214223386,15.032330848276615,6.567669151723386,18.157330848276615,3.4426691517233863,15
24,0.9,2,6,32,1,2.73651123046875,True,1.29638671875,12.722454307973386,9.700909949839115,11.899090050160886,10.091534949839115,11.508465050160886,15
24,0.9,2,6,32,2,2.73651123046875,True,1.29638671875,12.722454307973386,10.524274207651615,11.075725792348386,11.305524207651615,10.294475792348386,15
24,0.9,2,6,32,4,2.73651123046875,True,1.29638671875,12.722454307973386,12.171002723276615,9.428997276723386,13.733502723276615,7.866497276723386,15
24,0.9,2,6,32,8,2.73651123046875,True,1.29638671875,12.722454307973386,15.464459754526615,6.135540245473386,18.589459754526615,3.0105402454733863,15
24,0.9,2,3,64,1,2.73651123046875,True,1.29638671875,12.722454307973386,9.700909949839115,11.899090050160886,10.091534949839115,11.508465050160886,15
24,0.9,2,3,64,2,2.73651123046875,True,1.29638671875,12.722454307973386,10.524274207651615,11.075725792348386,11.305524207651615,10.294475792348386,15
24,0.9,2,3,64,4,2.73651123046875,True,1.29638671875,12.722454307973386,12.171002723276615,9.428997276723386,13.733502723276615,7.866497276723386,15
24,0.9,2,3,64,8,2.73651123046875,True,1.29638671875,12.722454307973386,15.464459754526615,6.135540245473386,18.589459754526615,3.0105402454733863,15
24,0.9,2,12,16,1,2.73651123046875,True,1.29638671875,12.722454307973386,9.700909949839115,11.899090050160886,10.091534949839115,11.508465050160886,15
24,0.9,2,12,16,2,2.73651123046875,True,1.29638671875,12.722454307973386,10.524274207651615,11.075725792348386,11.305524207651615,10.294475792348386,15
24,0.9,2,12,16,4,2.73651123046875,True,1.29638671875,12.722454307973386,12.171002723276615,9.428997276723386,13.733502723276615,7.866497276723386,15
24,0.9,2,12,16,8,2.73651123046875,True,1.29638671875,12.722454307973386,15.464459754526615,6.135540245473386,18.589459754526615,3.0105402454733863,15
24,0.9,2,8,32,1,3.648681640625,False,1.728515625,12.290325401723386,10.133038856089115,11.466961143910886,10.523663856089115,11.076336143910886,14
24,0.9,2,8,32,2,3.648681640625,False,1.728515625,12.290325401723386,10.956403113901615,10.643596886098386,11.737653113901615,9.862346886098386,14
24,0.9,2,8,32,4,3.648681640625,False,1.728515625,12.290325401723386,12.603131629526615,8.996868370473386,14.165631629526615,7.434368370473386,14
24,0.9,2,8,32,8,3.648681640625,False,1.728515625,12.290325401723386,15.896588660776615,5.703411339223386,19.021588660776615,2.5784113392233863,14
24,0.9,4,4,32,1,1.8243408203125,True,0.8642578125,11.154583214223386,11.268781043589115,10.331218956410886,11.659406043589115,9.940593956410886,13
24,0.9,4,4,32,2,1.8243408203125,True,0.8642578125,11.154583214223386,12.092145301401615,9.507854698598386,12.873395301401615,8.726604698598386,13
24,0.9,4,4,32,4,1.8243408203125,True,0.8642578125,11.154583214223386,13.738873817026615,7.861126182973386,15.301373817026615,6.298626182973386,13
24,0.9,4,4,32,8,1.8243408203125,True,0.8642578125,11.154583214223386,17.032330848276615,4.567669151723386,20.157330848276615,1.4426691517233863,13
24,0.9,4,6,32,1,2.73651123046875,True,1.29638671875,10.722454307973386,11.700909949839115,9.899090050160886,12.091534949839115,9.508465050160886,13
24,0.9,4,6,32,2,2.73651123046875,True,1.29638671875,10.722454307973386,12.524274207651615,9.075725792348386,13.305524207651615,8.294475792348386,13
24,0.9,4,6,32,4,2.73651123046875,True,1.29638671875,10.722454307973386,14.171002723276615,7.428997276723386,15.733502723276615,5.866497276723386,13
24,0.9,4,6,32,8,2.73651123046875,True,1.29638671875,10.722454307973386,17.464459754526615,4.135540245473386,20.589459754526615,1.0105402454733863,13
24,0.9,4,3,64,1,2.73651123046875,True,1.29638671875,10.722454307973386,11.700909949839115,9.899090050160886,12.091534949839115,9.508465050160886,13
24,0.9,4,3,64,2,2.73651123046875,True,1.29638671875,10.722454307973386,12.524274207651615,9.075725792348386,13.305524207651615,8.294475792348386,13
24,0.9,4,3,64,4,2.73651123046875,True,1.29638671875,10.722454307973386,14.171002723276615,7.428997276723386,15.733502723276615,5.866497276723386,13
24,0.9,4,3,64,8,2.73651123046875,True,1.29638671875,10.722454307973386,17.464459754526615,4.135540245473386,20.589459754526615,1.0105402454733863,13
24,0.9,4,12,16,1,2.73651123046875,True,1.29638671875,10.722454307973386,11.700909949839115,9.899090050160886,12.091534949839115,9.508465050160886,13
24,0.9,4,12,16,2,2.73651123046875,True,1.29638671875,10.722454307973386,12.524274207651615,9.075725792348386,13.305524207651615,8.294475792348386,13
24,0.9,4,12,16,4,2.73651123046875,True,1.29638671875,10.722454307973386,14.171002723276615,7.428997276723386,15.733502723276615,5.866497276723386,13
24,0.9,4,12,16,8,2.73651123046875,True,1.29638671875,10.722454307973386,17.464459754526615,4.135540245473386,20.589459754526615,1.0105402454733863,13
24,0.9,4,8,32,1,3.648681640625,False,1.728515625,10.290325401723386,12.133038856089115,9.466961143910886,12.523663856089115,9.076336143910886,12
24,0.9,4,8,32,2,3.648681640625,False,1.728515625,10.290325401723386,12.956403113901615,8.643596886098386,13.737653113901615,7.862346886098386,12
24,0.9,4,8,32,4,3.648681640625,False,1.728515625,10.290325401723386,14.603131629526615,6.996868370473386,16.165631629526615,5.434368370473386,12
24,0.9,4,8,32,8,3.648681640625,False,1.728515625,10.290325401723386,17.896588660776615,3.7034113392233863,21.021588660776615,0.5784113392233863,12
